{"gauges":{"Alloc":1296464,"BuckHashSys":5466,"Frees":24422,"GCCPUFraction":5.940767472684756e-7,"GCSys":2310400,"HeapAlloc":1296464,"HeapIdle":5414912,"HeapInuse":2088960,"HeapObjects":7752,"HeapReleased":2834432,"HeapSys":7503872,"LastGC":1747028155744393000,"Lookups":0,"MCacheInuse":7008,"MCacheSys":16352,"MSpanInuse":68160,"MSpanSys":114240,"Mallocs":32174,"NextGC":4194304,"NumForcedGC":0,"NumGC":1,"OtherSys":1047430,"PauseTotalNs":0,"RandomValue":0.10548244665581362,"StackInuse":884736,"StackSys":884736,"Sys":11882496,"TotalAlloc":4391752},"counters":{"PollCount":8315}}